Index	English	Japanese_Translation
11001	Ghostring Normal Attack	ゴーストリング通常攻撃
11002	Cat o' Nine-Tail Skills	九尾狐のスキル
11003	Gravity Totem Explosion	グラビティトーテム爆発
11004	No match Data available	利用可能な対戦データがありません
11005	Daedre: Passive Trigger	デイドル：パッシブ発動
11006	Ninja Art: Smoke Screen	忍法：煙幕
11007	Ghost Ship Grand Charge	ゴーストシップ・グランドチャージ
11008	Link Distance Check@{1}	リンク距離チェック@{1}
11009	Summon Coffin + Bandage	棺＋包帯を召喚
11010	Pharaoh Ultimate Damage	ファラオ必殺技ダメージ
11011	Moonlight Flower Ambush	月夜花の奇襲
11012	P@{1} Yellow Bubble@{2}	P@{1} イエローバブル@{2}
11013	Boss Movement Detection	ボス移動検知
11014	Rhythm Game Interaction	リズムゲーム操作
11015	Skill@{1}_Hell Mode@{2}	スキル@{1}_ヘルモード@{2}
11016	Skill@{1}_Hard Mode@{2}	スキル@{1}_ハードモード@{2}
11017	Melody Cannon - Enhance	メロディキャノン - 強化
11018	Hundred Spear - Enhance	ハンドレッドスピア - 強化
11019	S@{1}Cannon Enhance@{2}	S@{1}キャノン強化@{2}
11020	S@{1}High-Energy Impact	S@{1}ハイエナジーインパクト
11021	S@{1}Crescent Moonblade	S@{1}クレセントムーンブレード
11022	Ultimate Hundred Spears	究極ハンドレッドスピア
11023	S@{1}Black Phantom Void	S@{1}ブラックファントムヴォイド
11024	Greatsword Sweep Attack	大剣なぎ払い
11025	YU-Sweep All Directions	YU・全方向なぎ払い
11026	Advanced Soul Destroyer	上級ソウルデストロイヤー
11027	Holy Light's Protection	ホーリーライトの加護
11028	Players Completed: ${1}	完了プレイヤー数：${1}
11029	Crit increases by ${1}.	クリティカルが${1}増加。
11030	Create Announcement NPC	アナウンスNPCを作成
11031	Two-Handed Weapons Only	両手武器のみ
11032	Monthly Uses Remaining:	今月の残り使用回数：
11033	Cooldown Group Duration	クールダウングループ時間
11034	Auto-play on Wi-Fi only	Wi-Fi接続時のみ自動再生
11035	Message cannot be empty	メッセージを入力してください
11036	Broadcast item required	ブロードキャストアイテムが必要です
11037	Clue Treasure Map: Shop	手がかり宝の地図：ショップ
11038	Rolling Cutter Assassin	ローリングカッターアサシン
11039	Teleport to Target Area	対象エリアへテレポート
11040	Clock-Hand Magic Circle	時計針の魔法陣
11041	Precious Treasure Chest	貴重な宝箱
11042	Moonlight on the Breeze	そよ風に照る月
11043	Training Dummy - Normal	トレーニングダミー - ノーマル
11044	@{1}D Bounding Box Test	@{1}D バウンディングボックステスト
11045	Dragon Fly Magic Circle	ドラゴンフライ魔法陣
11046	Accelerate Dragon Blood	ドラゴンブラッド加速
11047	Deathproof Dragon Blood	不死のドラゴンブラッド
11048	Kafra Voting Campaigner	カプラ投票キャンペーン担当
11049	Person Watching the Sea	海を眺める人
11050	Adventurer's Guild Tree	冒険者ギルドの木
11051	Geffen Tower Floor @{1}	ゲフェンタワー @{1}F
11052	Prontera-Flying Trigger	プロンテラ飛行トリガー
11053	Territory War - Fifteen	領地戦 - 15
11054	Territory War - Sixteen	領地戦 - 16
11055	Swordsman (Monster)@{1}	ソードマン（モンスター）@{1}
11056	No Translation Required	翻訳不要
11057	Squidgitte Magic Circle	スクイジット魔法陣
11058	Red Tracking Bubble NPC	レッド追尾バブルNPC
11059	P@{1} Yellow Bubble NPC	P@{1} イエローバブルNPC
11060	Zhuntuo Agency Promoter	ジュントゥオ代理店PR担当
11061	Moonlight Flower-Normal	月夜花-ノーマル
11062	Resets daily at 5:00 AM	毎日5:00にリセット
11063	Today's Teammate Kills:	本日のチームメイト討伐数：
11064	Accomplished Adventurer	熟練の冒険者
11065	Teleport to the Culvert	地下水路へテレポート
11066	Adventurer Camp Manager	冒険者キャンプ管理人
11067	Event Not Yet Available	イベントはまだ利用できません
11068	Poison Damage Reduction	毒属性ダメージ軽減
11069	Shadow Damage Reduction	闇属性ダメージ軽減
11070	Undead Damage Reduction	不死属性ダメージ軽減
11071	Damage to Formless Race	無形種族へのダメージ
11072	Basic - Green Nameplate	基本 - 緑ネームプレート
11073	Total Auction Dividend:	オークション配当総額：
11074	Guild Investor Rankings	ギルド投資家ランキング
11075	Guild Contribution Cost	ギルド貢献度コスト
11076	Pet Metric - Obtain Pet	ペット指標 - ペット獲得
11077	Visit Gutei (@{1}/@{2})	グテイを訪ねる（@{1}/@{2}）
11078	Adventurer Registration	冒険者登録
11079	Rare Balancing Bristles	希少なバランス毛
11080	Traces of the Professor	教授の痕跡
11081	Just a Passing Old Lady	通りすがりのおばあさん
11082	Opinions from Passersby	通行人の意見
11083	The Family's Accusation	家族からの告発
11084	An Easier Way to Battle	もっと楽な戦い方
11085	Open CG @{1} - QTE @{2}	CG @{1} を開く - QTE @{2}
11086	Complete 1st Job Change	一次転職を完了
11087	Complete the Commission	依頼を完了
11088	Begin Stowing the Cargo	貨物の収納を開始
11089	Raise Pet Star Level to	ペットの星ランクを上げる
11090	Activate Pet Main Skill	ペットのメインスキルを有効化
11091	Hatching Chance Details	孵化確率詳細
11092	Deployed in a Main Slot	メインスロットに配置済み
11093	Unlock Collection Entry	コレクション項目を解放
11094	Deploy @{1} Soul Echoes	ソウルエコーを@{1}個配置
11095	Obtain @{1} S-rank Pets	Sランクペットを@{1}体獲得
11096	Tap a slot to select it	スロットをタップして選択
11097	Click to open the menu.	クリックしてメニューを開く。
11098	^{1}Defeat Orc Hero^{2}	^{1}オークヒーローを倒す^{2}
11099	^{1}Defeat Mistress^{2}	^{1}ミストレスを倒す^{2}
11100	^{1}Defeat Baphomet^{2}	^{1}バフォメットを倒す^{2}
11101	Transition Dialogue@{1}	遷移会話@{1}
11102	View Summoning Progress	召喚進捗を確認
11103	Darn it! I fell for it!	くそっ！引っかかった！
11104	Say a heartfelt goodbye	心を込めて別れを告げる
11105	Wait for Reinforcements	援軍を待つ
11106	I'll Never Abandon Bobo	ボボを絶対に見捨てない
11107	About the Bounty Notice	賞金首のお知らせについて
11108	Recall Anything Unusual	何か変わったことを思い出す
11109	This is temporary text!	これは仮テキストです！
11110	Teleport To the Academy	アカデミーへテレポート
11111	Here's Katie the kitty!	子猫のケイティだよ！
11112	A cockroach researcher?	ゴキブリ研究者？
11113	Woof, woof, woof, woof!	ワン、ワン、ワン、ワン！
11114	Instance closes in ${1}	インスタンス終了まで ${1}
11115	This instance has ended	このインスタンスは終了しました
11116	Time Until Event Starts	イベント開始までの時間
11117	Job Advance successful.	転職に成功しました。
11118	Countdown: ${1} seconds	カウントダウン：${1}秒
11119	Reward Count: ${1}/${2}	報酬回数：${1}/${2}
11120	Ah! Doushale, Doushale!	あっ！ドゥシャレ、ドゥシャレ！
11121	Bottom-bar message test	下部バーメッセージテスト
11122	You collected this note	この音符を集めました
11123	Meow, meow~ Meow, meow!	ニャー、ニャー♪ ニャー、ニャー！
11124	You got the move wrong!	動きを間違えた！
11125	Katie\nMeow, meow meow!	ケイティ\nニャー、ニャニャー！
11126	Bobo\nLet's keep going.	ボボ\nこのまま進もう。
11127	seconds until skippable	スキップ可能まで
11128	Touch the stone pillar.	石柱に触れる。
11129	Show Pre-purchases Only	事前購入のみ表示
11130	Current Guild Division:	現在のギルド区分：
11131	Victory Auction Rewards	勝利オークション報酬
11132	Limited-Time Appearance	期間限定外見
11133	Scorching Dragon Breath	灼熱のドラゴンブレス
11134	Fafnir - Leaping Pounce	ファフニール - 跳躍突進
11135	Memory Game-Left Damage	メモリーゲーム・左側ダメージ
11136	Memory Game-Ring Damage	メモリーゲーム・リングダメージ
11137	Demonic Dragon's Breath	魔竜のブレス
11138	Active in Siege Battles	攻城戦で有効
11139	10-Player Raid · Normal	10人レイド・ノーマル
11140	Silk Shoulderwear Blank	シルク肩装備の素体
11141	Learn About Auto-Battle	オートバトルについて学ぶ
11142	Introducing Soul Echoes	ソウルエコーの紹介
11143	The Relic's Whereabouts	遺物の行方
11144	Retrieve the Instrument	楽器を取り戻す
11145	Suspicious Evidence (I)	怪しい証拠（I）
11146	The Professor's Request	教授の依頼
11147	The Incubator's Purpose	孵化器の用途
11148	The Secret in the Notes	音符に隠された秘密
11149	Invalid deployment slot	無効な配置スロットです
11150	War God's Power - Green	軍神の力 - 緑
11151	Bulwark's Power - Green	防壁の力 - 緑
11152	Life Percentage - Green	HP割合 - 緑
11153	A makeshift litter box.	簡易猫トイレ。
11154	A large piece of Scell.	大きなセルのかけら。
11155	Used for card Level-up.	カードのレベルアップに使用。
11156	Pet is already deployed	ペットはすでに配置されています
11157	A club made of mithril.	ミスリル製のメイス。
11158	The Concealed Arrowhead	隠された矢じり
11159	Basic Hunting Technique	基礎狩猟技術
11160	Low-Tier DMG vs All Job	全職業へのダメージ（小）
11161	Minor Shadow Resistance	闇属性耐性（小）
11162	Minor Poison Resistance	毒属性耐性（小）
11163	Low-Tier Vengeful Might	初級・復讐の力
11164	Low-Tier Abundant Magic	初級・豊富な魔力
11165	Low-Tier Vengeful Magic	初級・復讐の魔力
11166	Pet Shard: Forest Fairy	ペットの欠片：フォレストフェアリー
11167	Pet Shard: Ancient Tree	ペットの欠片：エンシェントツリー
11168	Pet Shard: Baphomet Jr.	ペットの欠片：バフォメットJr.
11169	Pet Shard: Warrior Lola	ペットの欠片：戦士ローラ
11170	Silver Moon Witch Shard	シルバームーンウィッチの欠片
11171	Growth Gift Box · Day 7	成長ギフトボックス・7日目
11172	Growth Gift Box · Day 6	成長ギフトボックス・6日目
11173	Growth Gift Box · Day 5	成長ギフトボックス・5日目
11174	Growth Gift Box · Day 4	成長ギフトボックス・4日目
11175	Growth Gift Box · Day 3	成長ギフトボックス・3日目
11176	Growth Gift Box · Day 2	成長ギフトボックス・2日目
11177	Growth Gift Box · Day 1	成長ギフトボックス・1日目
11178	Headgear Material Chest	頭装備素材チェスト
11179	Card: Savage Babe Chest	カード：サベージベイブチェスト
11180	Random Purple Card Pack	ランダム紫カードパック
11181	Gift sent successfully.	ギフトを送信しました。
11182	Golden Thief Bug's Gift	黄金蟲のギフト
11183	Basic Pack (Deprecated)	ベーシックパック（廃止予定）
11184	Assassin Cross Portrait	アサシンクロスの肖像
11185	Masterless Soul Crystal	主なきソウルクリスタル
11186	Candle of Contemplation	黙想のろうそく
11187	Tier @{1} Red Equipment	Tier @{1} 赤装備
11188	Green Headgear Material	緑の頭装備素材
11189	Talent Divine Art Totem	タレント神術トーテム
11190	Orange Divine Art Totem	オレンジ神術トーテム
11191	Universal Emotes Unlock	共通エモート解放
11192	Hunting Emblem · Warden	狩猟エンブレム・守護者
11193	Advanced Ignition Agent	上級点火剤
11194	Cross Star Core - Green	クロススターコア - 緑
11195	Moon Star Core - Orange	ムーンスターコア - オレンジ
11196	Moon Star Core - Purple	ムーンスターコア - 紫
11197	Prism Star Core - Green	プリズムスターコア - 緑
11198	Legendary Accessory Gem	伝説のアクセサリージェム
11199	Oak Scroll · Shoes-Blue	オークスクロール・靴-青
11200	Oak Scroll·Cloak-Purple	オークスクロール・マント-紫
11201	Giant Scroll·Armor-Blue	ジャイアントスクロール・鎧-青
11202	Fate Scroll·Armor-Green	運命スクロール・鎧-緑
11203	Ymir Scroll·Armor-Green	ユミルスクロール・鎧-緑
11204	Hollgrehenn's Testimony	ホルグレンの証言
11205	Happy Sparkling Balloon	ハッピースパークリングバルーン
11206	Premium Breath Medicine	プレミアムブレス薬
11207	Lv. @{1} Shield (No BD)	Lv. @{1} シールド（BDなし）
11208	Lv. @{1} Dagger (No BD)	Lv. @{1} ダガー（BDなし）
11209	Lv. @{1} Two-Handed Axe	Lv. @{1} 両手斧
11210	Lv. @{1} One-Handed Axe	Lv. @{1} 片手斧
11211	Super Tournament Dagger	スーパートーナメントダガー
11212	No equipment available.	利用可能な装備がありません。
11213	Novice Hooded Pauldrons	ノービスフーデッドポールドロン
11214	Secret Blade: Dark Howl	秘剣：ダークハウル
11215	Two-Tone - Green/Yellow	ツートーン - 緑/黄
11216	Must win in Tower Climb	タワークライムで勝利が必要です
11217	Not enough pet searches	ペット検索回数が不足しています
11218	Codex Points (Monsters)	図鑑ポイント（モンスター）
11219	Shadow Card: Thara Frog	シャドウカード：タラ・フロッグ
11220	Appearance Gift Details	外見ギフト詳細
11221	MVP Ranking Point Decay	MVPランキングポイント減衰
11222	Base Power ^{1}${1}^{2}	基礎戦力 ^{1}${1}^{2}
11223	Revives Remaining: ${1}	残り復活回数：${1}
11224	No items up for auction	オークション出品アイテムがありません
11225	Phantom Realm Challenge	ファントムレルムチャレンジ
11226	Pre-Bid Item at Auction	オークションで事前入札
11227	No Team First Clear Yet	チーム初回クリア記録なし
11228	Siege Damage Over @{1}m	攻城ダメージ @{1}m以上
11229	Siege Damage Over @{1}k	攻城ダメージ @{1}k以上
11230	Siege Damage Over @{1}K	攻城ダメージ @{1}K以上
11231	Damage Taken Over @{1}M	被ダメージ @{1}M以上
11232	Damage Taken Over @{1}K	被ダメージ @{1}K以上
11233	Over @{1}m Damage Taken	被ダメージ @{1}m以上
11234	Over @{1}k Damage Taken	被ダメージ @{1}k以上
11235	Terminate the Unrivaled	無双状態を解除
11236	South Morroc Prefecture	南モロック地域
11237	Tap to Search for Cards	タップしてカードを検索
11238	Monster [${1}] unlocked	モンスター[${1}]を解放
11239	Instant Recovery Potion	即時回復ポーション
11240	Unlocked from the Start	初期解放済み
11241	Sanctuary [Buff Effect]	サンクチュアリ【バフ効果】
11242	S@{1} Firepower Loading	S@{1} 火力装填
11243	Connected by Red Thread	赤い糸でつながる
11244	Grand Cross Triggers ST	グランドクロスが単体攻撃を発動
11245	Skill Damage Multiplier	スキルダメージ倍率
11246	Buff Applied to Enemies	敵に適用されるバフ
11247	Instantly Restore @{1}%	@{1}%を即時回復
11248	Storm Gust (Deprecated)	ストームガスト（廃止予定）
11249	Close Friend (Lv. @{1})	親しいフレンド（Lv. @{1}）
11250	Revive Point Protection	復活ポイント保護
11251	Gain Cooldown Reduction	クールダウン短縮を獲得
11252	More Left-Click Actions	左クリック操作を追加
11253	Quick Item Display Area	クイックアイテム表示エリア
11254	${1}/${2} Conversations	会話 ${1}/${2}
11255	Trigger Spellbook Reset	スペルブックリセットを発動
11256	Spellbook - Thunderclap	スペルブック - サンダークラップ
11257	Spellbook - Frost Blast	スペルブック - フロストブラスト
11258	Telekinetic Orb HIT AoE	テレキネティックオーブHIT範囲
11259	Basic Spell Calibration	基本スペル調整
11260	Ice and Thunder Mastery	氷雷マスタリー
11261	Intermediate Magic Rune	中級マジックルーン
11262	Cast Time Increase @{1}	詠唱時間増加 @{1}
11263	Directional Effect Test	方向エフェクトテスト
11264	Trap Hunter Boss Target	トラップハンター・ボスターゲット
11265	Protection of the Sands	砂の加護
11266	Power of the Wander Man	ワンダーマンの力
11267	Collective Surveillance	集団監視
11268	Damage Reduction Filter	ダメージ軽減フィルター
11269	Stationary Green Bubble	固定グリーンバブル
11270	Dance Machine Transform	ダンスマシン変身
11271	Summoned NPC Spawn Buff	召喚NPC出現バフ
11272	Rhythm Performance Buff	リズム演奏バフ
11273	Shield Damage Reduction	シールドダメージ軽減
11274	Monitor Slashing Strike	斬撃監視
11275	Reset Phantom Thrust CD	ファントムスラストCDをリセット
11276	Spellbook-Little Meteor	スペルブック・リトルメテオ
11277	Replace Fearless Charge	フィアレスチャージを置換
11278	Flowing Shadow_S@{1}_BD	フローイングシャドウ_S@{1}_BD
11279	Shadow GuardBD_S@{1}_BD	シャドウガードBD_S@{1}_BD
11280	Intense Telekinesis@{1}	インテンス・テレキネシス@{1}
11281	Thousand Shadows Status	サウザンドシャドウ状態
11282	Claim ${1} Area Rewards	${1}エリア報酬を受け取る
11283	Leave Room Confirmation	ルーム退出確認
11284	The host has muted you.	ホストにミュートされました。
11285	Base Level reaches ${1}	Baseレベルが${1}に到達
11286	^{1}Defeat Angeling^{2}	^{1}エンジェリングを倒す^{2}
11287	^{1}[Phantom Realm]^{2}	^{1}[ファントムレルム]^{2}
11288	^{1}[Epic Campaign]^{2}	^{1}[エピックキャンペーン]^{2}
11289	Casting Method Overview	詠唱方式概要
11290	Commander Skill Details	コマンダースキル詳細
11291	Siege Weapon - Ballista	攻城兵器 - バリスタ
11292	Weaponry - Heavy Cannon	兵器 - 重砲
11293	Auto-Battle Skill Order	オートバトルスキル順序
11294	Mount already activated	マウントはすでに有効化済みです
11295	Configuration not found	設定が見つかりません
11296	Not on the friends list	フレンドリストにいません
11297	My Friends list is full	フレンドリストが上限です
11298	Invalid appearance data	外見データが無効です
11299	This Stall area is full	この露店エリアは満員です
11300	You do not have a Stall	露店を所持していません
11301	NPC is not in this area	NPCはこのエリアにいません
11302	Collect is on cooldown.	採集はクールダウン中です。
11303	Bonus time has run out.	ボーナスタイムが終了しました。
11304	Released ${1} saplings.	苗木を${1}本解放しました。
11305	Dialogue does not exist	会話が存在しません
11306	Invalid number of draws	抽選回数が無効です
11307	Invalid draw parameters	抽選パラメータが無効です
11308	Failed to refresh title	称号の更新に失敗しました
11309	Modifier does not exist	補正値が存在しません
11310	This build has expired.	このビルドは期限切れです。
11311	Invalid personal build.	個人ビルドが無効です。
11312	Dungeon data not found.	ダンジョンデータが見つかりません。
11313	Invalid insertion type.	装着タイプが無効です。
11314	Inviter does not exist.	招待者が存在しません。
11315	Invitation has expired.	招待の有効期限が切れました。
11316	^{1}Gunpowder Smash^{2}	^{1}ガンパウダースマッシュ^{2}
11317	^{1}Self-Motivation^{2}	^{1}セルフモチベーション^{2}
11318	^{1}Cart Remodeling^{2}	^{1}カート改造^{2}
11319	^{1}Weapon Research^{2}	^{1}ウェポンリサーチ^{2}
11320	^{1}Speed Is Weight^{2}	^{1}スピードイズウェイト^{2}
11321	^{1}Terminate Blast^{2}	^{1}ターミネートブラスト^{2}
11322	^{1}Critical Strike^{2}	^{1}クリティカルストライク^{2}
11323	^{1}Six Stats +${1}^{2}	^{1}6ステータス +${1}^{2}
11324	Minor Undead Resistance	不死属性耐性（小）
11325	Minor Hunting Technique	狩猟技術（小）
11326	Advanced DMG vs All Job	全職業へのダメージ（大）
11327	Efficient Deadly Poison	効率的なデッドリーポイズン
11328	^{1}Elemental Shock^{2}	^{1}エレメンタルショック^{2}
11329	^{1}Gravity Enhance^{2}	^{1}グラビティ強化^{2}
11330	Requires the ${1} class	${1}職業が必要です
11331	Royal Capital Exclusive	王都限定
11332	Invalid potion quantity	ポーション数量が無効です
11333	Instance type mismatch.	インスタンスタイプが一致しません。
11334	The scene has no Spawn.	シーンに出現地点がありません。
11335	Regional Capital 1 Name	地域首都1名称
11336	Regional Capital 2 Name	地域首都2名称
11337	Defend the Ornate Metal	華麗な金属を防衛
11338	Destroy the Fancy Metal	華麗な金属を破壊
11339	Destroy Siege Equipment	攻城兵器を破壊
11340	Battle has yet to start	戦闘はまだ開始していません
11341	Adjust Barrel Direction	砲身方向を調整
11342	Contribution Percentage	貢献度割合
11343	Participants: ${1}/${2}	参加者：${1}/${2}
11344	Failed to switch modes.	モード切替に失敗しました。
11345	UI_Sys_Card_@{1}.prefab	UI_Sys_Card_@{1}.prefab
11346	Summon puppet monsters.	パペットモンスターを召喚。
11347	Gangplank barrel chain.	舷梯の樽チェーン。
11348	Reading this chapter...	この章を読んでいます...
11349	Edit Personal Signature	個人署名を編集
11350	Dual-Layer Stigma Skill	二重スティグマスキル
11351	Slot index out of range	スロットインデックスが範囲外です
11352	The Trade stall is full	取引露店が満員です
11353	Incorrect sale quantity	販売数量が正しくありません
11354	Cannot place this here.	ここには配置できません。
11355	Mail has not been read.	メールは未読です。
11356	Quest already completed	クエストはすでに完了しています
11357	Best Single-Match Stats	1試合の最高記録
11358	First Five Matches Only	最初の5試合のみ
11359	Probably best not to...	やめておいたほうがよさそう...
11360	Support Adventure Guild	冒険者ギルドを支援
11361	Support Time Remaining:	支援残り時間：
11362	Disband Adventure Group	冒険グループを解散
11363	Achieved at ${1} Growth	成長度${1}で達成
11364	Adventure Group Sapling	冒険グループの苗木
11365	{2} unlocks at Lv. ${1}	{2}はLv. ${1}で解放
11366	CRIT DMG Reduction Stat	クリティカルダメージ軽減ステータス
11367	Reduces field of vision	視野を狭める
11368	Increases DEF by @{1}%.	DEFが@{1}%増加。
11369	Tap to select equipment	タップして装備を選択
11370	Damage tracking Paused.	ダメージ計測を一時停止しました。
11371	Blitz Beat【Buff Effect】	ブリッツビート【バフ効果】
11372	Set Periodic Damage Cap	継続ダメージ上限を設定
11373	Battle Start Protection	戦闘開始時保護
11374	Frontal rectangular AoE	前方長方形範囲
11375	Skill@{1}-Random Circle	スキル@{1}-ランダム円形
11376	Stone-Shaped Slash @{1}	石形斬撃 @{1}
11377	Rotar Zairo Cone - Wind	ローターザイロ扇形 - 風
11378	Enhanced Sharp Shooting	強化シャープシューティング
11379	Enhanced Falcon Assault	強化ファルコンアサルト
11380	The One Riding a Dragon	ドラゴンに乗る者
11381	[Hard-Golden Thief Bug]	[ハード-黄金蟲]
11382	[Hard-Moonlight Flower]	[ハード-月夜花]
11383	Refreshed successfully.	更新しました。
11384	Select up to ${1} tags.	最大${1}個のタグを選択。
11385	Group Chat ${1} created	グループチャット${1}を作成
11386	Alberta Map Description	アルベルタマップ説明
11387	Betting closes in: ${1}	ベット終了まで：${1}
11388	Card Objective - Rank Up	カード目標 - ランクアップ
11389	Cannot be used in combat	戦闘中は使用できません
11390	Please wait. Processing…	処理中です。お待ちください…
11391	Clear the Boss Challenge	ボスチャレンジをクリア
11392	Challenge the Next Stage	次のステージに挑戦
11393	Crowd Control Resistance	行動妨害耐性
11394	Out-of-Combat HP recover	非戦闘時HP回復
11395	DMG Reduction vs All Job	全職業から受けるダメージ軽減
11396	Elemental Counter Ignore	属性相性無視
11397	Global Healing Received%	受ける回復量%
11398	Item MP Recovery Effect%	アイテムMP回復効果%
11399	Poison Damage Reduction%	毒属性ダメージ軽減%
11400	Shadow Damage Reduction%	闇属性ダメージ軽減%
11401	Undead Damage Reduction%	不死属性ダメージ軽減%
11402	Damage to Wind Monsters%	風属性モンスターへのダメージ%
11403	Damage to Fire Monsters%	火属性モンスターへのダメージ%
11404	Prohibited Action Bitmap	禁止アクションビットマップ
11405	Special Target Lock Flag	特殊ターゲットロックフラグ
11406	^{1}Novice Challenge^{2}	^{1}ノービスチャレンジ^{2}
11407	Battle Merit Leaderboard	戦功ランキング
11408	Personal Portrait Emblem	個人ポートレートエンブレム
11409	Mid-Season Event Rewards	シーズン中盤イベント報酬
11410	Continue chasing Dracula	ドラキュラを追い続ける
11411	Deploy @{1} support pets	支援ペットを@{1}体配置
11412	Try out your new weapon.	新しい武器を試す。
11413	Equip @{1} purple Echoes	紫ソウルエコーを@{1}個装備
11414	Equip @{1} orange Echoes	オレンジソウルエコーを@{1}個装備
11415	Defeat Jack the Scalper.	転売屋ジャックを倒す。
11416	Check the wanted poster.	指名手配書を確認。
11417	Ride the Wild Boar mount	ワイルドボアマウントに乗る
11418	Obtain the Ostrich mount	ダチョウマウントを入手
11419	Talk to the Party Leader	パーティリーダーと話す
11420	Talk to the woman nearby	近くの女性と話す
11421	Head to the Inn and Rest	宿屋へ行って休む
11422	Open the treasured chest	大切な宝箱を開ける
11423	You are already friends.	すでにフレンドです。
11424	Game Mode Auction Failed	ゲームモードのオークションに失敗
11425	Dragon Quest Return Mail	ドラゴンクエスト返送メール
11426	Item Purchase Successful	アイテム購入成功
11427	Purchase Item from Stall	露店からアイテムを購入
11428	Guild GvE Activity Quest	ギルドGvEアクティビティクエスト
11429	Blackhole Activity Quest	ブラックホールアクティビティクエスト
11430	Head to the Escort Wagon	護衛ワゴンへ向かう
11431	Forced Instant Interrupt	強制即時中断
11432	Undead Rapid-Fire Cannon	アンデッド速射砲
11433	Adventurer Guild Created	冒険者ギルドを作成しました
11434	Adventurer Guild Renamed	冒険者ギルド名を変更しました
11435	Smelted ${1} times today	本日の精錬回数：${1}
11436	Save Smelting Attributes	精錬ステータスを保存
11437	Auto-Battle After Revive	復活後オートバトル
11438	^{1}Peerless Heights^{2}	^{1}比類なき高み^{2}
11439	Today's Drops: ${1}/${2}	本日のドロップ：${1}/${2}
11440	Performance Instructions	演奏説明
11441	Event Not Yet Available.	イベントはまだ利用できません。
11442	Reach @{1} Total Points*	合計@{1}ポイントに到達*
11443	Go to the bulletin board	掲示板へ行く
11444	Complete 2nd job change.	二次転職を完了。
11445	Defeat the vicious Eddga	凶暴なエドガを倒す
11446	No Stars can be reverted	星ランクはこれ以上戻せません
11447	This is a Default Theme.	これはデフォルトテーマです。
11448	Upper-Right Revive Point	右上復活ポイント
11449	Lower-Right Revive Point	右下復活ポイント
11450	Refinement limit reached	精錬上限に達しました
11451	Guild Activity Dividends	ギルド活動配当
11452	Manage Guild Permissions	ギルド権限を管理
11453	Pinnacle Top Ten - Mages	頂点トップ10 - メイジ
11454	Guild Merits Leaderboard	ギルド功績ランキング
11455	Divine Realm Leaderboard	神域ランキング
11456	There are no items here.	ここにはアイテムがありません。
11457	Price (Descending Order)	価格（高い順）
11458	No matching items found.	一致するアイテムが見つかりません。
11459	Equipment (Unidentified)	装備（未鑑定）
11460	Cancel the Pre-purchase?	事前購入をキャンセルしますか？
11461	Network Latency: ${1} ms	ネットワーク遅延：${1} ms
11462	Trade Screen Description	取引画面説明
11463	RO Pass Information Text	ROパス案内文
11464	Battle Royale Point Mall	バトルロイヤルポイントショップ
11465	Obtain from Outfit Draws	衣装ガチャから入手
11466	Complete Activity Quests	アクティビティクエストを完了
11467	Watchlist limit reached.	ウォッチリストが上限に達しました。
11468	Not enough Credit Points	クレジットポイントが不足しています
11469	Listing Time - Ascending	出品時間 - 昇順
11470	Go add some friends now!	今すぐフレンドを追加しよう！
11471	Disband this Group Chat?	このグループチャットを解散しますか？
11472	${1} left the Group Chat	${1}がグループチャットを退出しました
11473	Power Rankings Help Text	戦力ランキングヘルプ
11474	Leave the current party?	現在のパーティを離脱しますか？
11475	Remove Power Requirement	戦力条件を解除
11476	${1} removed marker ${2}	${1}がマーカー${2}を削除
11477	Enter Follow Leader mode	リーダー追従モードに入る
11478	Switched to Warzone ${1}	戦場${1}に切り替えました
11479	Qualified to Participate	参加資格あり
11480	Insufficient permissions	権限が不足しています
11481	Ends in ${1} hr ${2} min	終了まで ${1}時間${2}分
11482	Select a battle position	戦闘ポジションを選択
11483	Reach Dungeon Stage ${1}	ダンジョンステージ${1}に到達
11484	Deploy ${1} Support Pets	支援ペットを${1}体配置
11485	Impeachment Requirements	弾劾条件
11486	You have left the guild.	ギルドを脱退しました。
11487	Combat Power Requirement	戦闘力条件
11488	Select Members to Remove	除外するメンバーを選択
11489	${1} has joined a guild.	${1}がギルドに加入しました。
11490	Requirement to level up:	レベルアップ条件：
11491	The caravan has departed	キャラバンが出発しました
11492	Get Help request expired	支援要請の期限が切れました
11493	Battleground of the Gods	神々の戦場
11494	Quest not yet completed.	クエストはまだ完了していません。
11495	Quests ${1} not accepted	クエスト${1}を受注していません
11496	Rank requirement not met	ランク条件を満たしていません
11497	Cannot use skill or move	スキル使用・移動不可
11498	Damage taken is reduced.	被ダメージが軽減されます。
11499	Gain @{1} match Currency	@{1}対戦通貨を獲得
11500	Increases CRIT by @{1}%.	クリティカルが@{1}%増加。
11501	Increases MSPD by @{1}%.	移動速度が@{1}%増加。
11502	You never feel fatigued.	疲労しなくなる。
11503	Double Holy Light: Magic	ダブルホーリーライト：魔法
11504	Max Characters on Screen	画面内最大キャラクター数
11505	Save the current layout?	現在のレイアウトを保存しますか？
11506	Gundam AOE Visual Effect	ガンダム範囲エフェクト
11507	Inner and Outer Ring AOE	内外リング範囲攻撃
11508	Skill@{1} Kun Water Wall	スキル@{1} クン・ウォーターウォール
11509	Skill@{1} Ring Explosion	スキル@{1} リング爆発
11510	Skill@{1} Ilma Blackhole	スキル@{1} イルマブラックホール
11511	Skill@{1} Fins@{2} Sides	スキル@{1} フィン@{2} サイド
11512	Skill@{1} Cloud Tracking	スキル@{1} クラウド追尾
11513	Skill@{1} Stationary Fin	スキル@{1} 固定フィン
11514	Memory Game-Left Warning	メモリーゲーム・左側警告
11515	Phase Transition Cleanup	フェーズ移行時クリーンアップ
11516	Greedy Flame Wolf's Fang	貪欲なフレイムウルフの牙
11517	Dragon Fly Normal Attack	ドラゴンフライ通常攻撃
11518	Maya Normal Attack-Earth	マヤー通常攻撃・地属性
11519	Eddga Normal Attack-Fire	エドガ通常攻撃・火属性
11520	Return to Screen (${1}s)	画面に戻る（${1}s）
11521	Armor-Shattering War Cry	アーマー破壊の雄叫び
11522	Failed to enter the area	エリア進入に失敗しました
11523	Blade Mountain-Ring-@{1}	ブレードマウンテン・リング・@{1}
11524	Drake Minion Wave Attack	ドレイク配下ウェーブ攻撃
11525	Petrifying Mist Tracking	石化ミスト追尾
11526	Coffin Bandage Restraint	棺包帯拘束
11527	EsteP@{1} Random Bubbles	EsteP@{1} ランダムバブル
11528	Create @{1} Grid Bubbles	@{1}個のグリッドバブルを生成
11529	Launch Red Homing Bubble	レッド追尾バブルを発射
11530	Linked Skill Variant@{1}	リンクスキル派生@{1}
11531	Return of the Demon King	魔王の帰還
11532	Special Dual-Wield Logic	特殊二刀流ロジック
11533	This Bond does not exist	この絆は存在しません
11534	Consume Collection Cards	コレクションカードを消費
11535	Test Small Card Pool@{1}	小規模カードプールテスト@{1}
11536	Consume Vigor: ${1}/${2}	活力消費：${1}/${2}
11537	Reset Stage Skill Points	ステージスキルポイントをリセット
11538	【Special Cooldown Notes】	【特殊クールダウン注意事項】
11539	Confirm Point Allocation	ポイント割り振りを確認
11540	Rhythm of Music Scenario	リズムオブミュージック・シナリオ
11541	Auto-Play Voice Settings	ボイス自動再生設定
11542	Tree Hollow Chat Channel	ツリーホロウチャットチャンネル
11543	Go join a Golden Orchid!	ゴールデンオーキッドに加入しよう！
11544	Territory War Trap Chest	領地戦トラップチェスト
11545	Note Pillar (Deprecated)	ノートピラー（廃止予定）
11546	Melody Conch-Special@{1}	メロディコンチ・スペシャル@{1}
11547	Flame Zone Contamination	フレイムゾーン汚染
11548	Shattered Southern Dream	砕け散った南方の夢
11549	Evil Forces Sharpshooter	邪悪な勢力の狙撃手
11550	Deep Alley℡Boyhood Dream	深い路地℡少年の日の夢
11551	Training Dummy Challenge	トレーニングダミーチャレンジ
11552	Zhunta Voting Campaigner	ジュンタ投票キャンペーン担当
11553	Criatura Academy Student	クリトゥラ学園生徒
11554	Territory War - Thirteen	領地戦 - 13
11555	Territory War - Fourteen	領地戦 - 14
11556	Territory War - Eighteen	領地戦 - 18
11557	Territory War - Nineteen	領地戦 - 19
11558	Mandragora Ranged Attack	マンドラゴラ遠距離攻撃
11559	Pirate Ship (Projectile)	海賊船（投射物）
11560	Water Blade (Projectile)	ウォーターブレード（投射物）
11561	Blue Tracking Bubble NPC	ブルー追尾バブルNPC
11562	P@{1} Red Bubble NPC@{2}	P@{1} レッドバブルNPC@{2}
11563	Dance Machine Step Point	ダンスマシン・ステップポイント
11564	Test Circular Projectile	円形投射物テスト
11565	Fastest Clear Time: ${1}	最速クリアタイム：${1}
11566	All grand prizes claimed	大賞はすべて受け取られました
11567	Reward requirements met.	報酬条件を満たしました。
11568	${1} added to favorites.	${1}をお気に入りに追加しました。
11569	Magic Resistance Enhance	魔法耐性強化
11570	Leave the Garden of Time	時の庭を離れる
11571	Stall Distance Too Great	露店までの距離が遠すぎます
11572	Physical Damage Increase	物理ダメージ増加
11573	Neutral Damage Reduction	無属性ダメージ軽減
11574	Basic - Yellow Nameplate	基本 - 黄ネームプレート
11575	Reach Maya's hidden nest	マヤーの隠れ巣へ到達
11576	Daily Sweeps (${1}/${2})	デイリースイープ（${1}/${2}）
11577	${1} unlocks at Lv. ${2}	${1}はLv. ${2}で解放
11578	Elite Members: ${1}/${2}	エリートメンバー：${1}/${2}
11579	Join a guild: Successful	ギルド加入成功
11580	Show Online players only	オンラインプレイヤーのみ表示
11581	No matching guilds found	一致するギルドが見つかりません
11582	Guild Members: ${1}/${2}	ギルドメンバー：${1}/${2}
11583	Guild Merger Declaration	ギルド統合宣言
11584	This Week's Contribution	今週の貢献度
11585	Drive Away the Chonchons	チョンチョンを追い払う
11586	Find a Way into the Nest	巣に入る方法を探す
11587	Mysterious Cave Entrance	謎の洞窟入口
11588	Return to the Real World	現実世界へ戻る
11589	A Soldier's Cry for Help	兵士の救援要請
11590	The Secret of Space-Time	時空の秘密
11591	Clear the West Gate @{1}	西門 @{1} をクリア
11592	Clear Eastern Payon @{1}	フェイヨン東部 @{1} をクリア
11593	【B】Adventure Advancement	【B】冒険進級
11594	Clear Goblin Forest @{1}	ゴブリンの森 @{1} をクリア
11595	The Suspicious Stray Cat	怪しい野良猫
11596	Complete the Job Advance	転職を完了
11597	Precious Medicinal Herbs	貴重な薬草
11598	The Fate of an Egg Thief	卵泥棒の運命
11599	Adventuring Achievements	冒険実績
11600	The Missing Party Leader	行方不明のパーティリーダー
11601	Head to the Airship Port	飛行船港へ向かう
11602	Everyone Boards Together	みんなで一緒に搭乗
11603	Dismantled successfully.	解体しました。
11604	Slot unlocks at Lv. ${1}	スロットはLv. ${1}で解放
11605	Activate Attribute Skill	属性スキルを有効化
11606	Hatchery Level Increased	孵化場レベルが上がりました
11607	Tap the pet to deploy it	ペットをタップして配置
11608	Tap the Challenge button	「チャレンジ」ボタンをタップ
11609	Hurry and unlock me, bo!	早くボクを解放して、ボ〜！
11610	Select the "Refine" tab!	「精錬」タブを選択！
11611	Option A Result Dialogue	選択肢A 結果会話
11612	Option B Result Dialogue	選択肢B 結果会話
11613	Option C Result Dialogue	選択肢C 結果会話
11614	Option D Result Dialogue	選択肢D 結果会話
11615	Submit Trial Certificate	試練証明書を提出
11616	An ancient divine weapon	古代の神聖武器
11617	I'll take a look inside.	中を見てみる。
11618	(Takes a wary step back)	（警戒して一歩下がる）
11619	^{1}Confirm Boarding^{2}	^{1}搭乗を確認^{2}
11620	What do I do after that?	その後はどうすればいい？
11621	Overall Completion: ${1}	総合進捗：${1}
11622	Adventurer Guild Details	冒険者ギルド詳細
11623	Daily Requests ${1}/${2}	デイリー依頼 ${1}/${2}
11624	Challenge (^{1}${1}^{2})	チャレンジ（^{1}${1}^{2}）
11625	Whoa, I'm going to fall!	うわっ、落ちる！
11626	Boya sent me to see you.	ボヤに言われて会いに来た。
11627	What are you doing here?	ここで何してるの？
11628	Then let the game begin!	それじゃ、ゲーム開始！
11629	Players on High Platform	高台のプレイヤー
11630	Armakia is about to leap	アルマキアが跳躍しようとしている
11631	Tap to Enter Information	タップして情報を入力
11632	Auto-Dismantle Equipment	装備を自動解体
11633	Monsters begin to appear	モンスターが出現し始める
11634	Phase I\nDefend the Gate	フェーズI\n門を守れ
11635	Behemoth Altar is ready!	ベヒーモス祭壇の準備完了！
11636	The behemoth has fallen!	ベヒーモスを倒した！
11637	^{1}Dracula has appeared	^{1}ドラキュラが出現した
11638	Advancing to the Finals!	決勝進出！
11639	Thank you for your help!	助けてくれてありがとう！
11640	What a captivating dance	なんて魅力的なダンス
11641	Maya\nKids, come on out!	マヤー\nみんな、出ておいで！
11642	Growth Journey complete.	成長の旅を完了しました。
11643	Spectacular Presentation	華麗な演出
11644	HP Lock for @{1} Seconds	HP固定 @{1}秒
11645	Guild Schedule Help Text	ギルドスケジュールヘルプ
11646	Preliminaries-Semifinals	予選-準決勝
11647	Guild Emblem Unlock Item	ギルドエンブレム解放アイテム
11648	Looking for a Pet Parent	ペットの里親募集中
11649	Fewer than @{1} Openings	空き枠が@{1}未満
11650	Magic Strike Calibration	マジックストライク調整
11651	Vehicle Explosive Device	車両爆発装置
11652	Memory Game-Ring Warning	メモリーゲーム・リング警告
11653	Memory Game-Right Damage	メモリーゲーム・右側ダメージ
11654	Secret Realm Exploration	秘境探索
11655	Active in Escort Battles	護衛戦で有効
11656	10-Player Dungeon · Hard	10人ダンジョン・ハード
11657	Serverwide Territory War	全サーバー領地戦
11658	Learning the Professions	職業について学ぶ
11659	Suspicious Evidence (II)	怪しい証拠（II）
11660	An Unpredictable Visitor	予測不能な来訪者
11661	The Professor's Research	教授の研究
11662	^{1}Wedding Crashers^{2}	^{1}ウェディングクラッシャーズ^{2}
11663	^{1}Temple of Melody^{2}	^{1}メロディ神殿^{2}
11664	^{1}Complete Assists^{2}	^{1}アシストを完了^{2}
11665	Revive Protection Effect	復活保護効果
11666	Invincible Out of Combat	非戦闘時無敵
11667	War God's Power - Orange	軍神の力 - オレンジ
11668	War God's Power - Purple	軍神の力 - 紫
11669	Bulwark's Power - Orange	防壁の力 - オレンジ
11670	Bulwark's Power - Purple	防壁の力 - 紫
11671	Life Percentage - Orange	HP割合 - オレンジ
11672	Destiny's Power - Orange	運命の力 - オレンジ
11673	Hawkeye's Power - Orange	ホークアイの力 - オレンジ
11674	Life Percentage - Purple	HP割合 - 紫
11675	Destiny's Power - Purple	運命の力 - 紫
11676	Hawkeye's Power - Purple	ホークアイの力 - 紫
11677	Giant's Strength - Green	巨人の力 - 緑
11678	PATCH_ANALYZING_COMPLETE	PATCH_ANALYZING_COMPLETE
11679	PATCH_REPLACE_FILE_ERROR	PATCH_REPLACE_FILE_ERROR
11680	PATCH_REPAIR_CLIENT_TIPS	PATCH_REPAIR_CLIENT_TIPS
11681	Complete Season Trophy E	シーズントロフィーEを完了
11682	Complete Season Trophy D	シーズントロフィーDを完了
11683	Complete Season Trophy C	シーズントロフィーCを完了
11684	Complete Season Trophy B	シーズントロフィーBを完了
11685	Complete Season Trophy A	シーズントロフィーAを完了
11686	A colorful Worm Peeling.	色鮮やかなワームの皮。
11687	Currency made of silver.	銀で作られた通貨。
11688	Filter Divine Art Totems	神術トーテムを絞り込む
11689	Maximum Number of Skills	最大スキル数
11690	Divine Art Totem Preview	神術トーテムプレビュー
11691	Initial Divine Art Totem	初期神術トーテム
11692	Low-Tier Physical Attack	初級物理攻撃
11693	Goddess of Hope Fragment	希望の女神の欠片
11694	Fire Ninja Shinobi Shard	火忍シノビの欠片
11695	Goblin Balloon - Limited	ゴブリンバルーン - 期間限定
11696	Random Divine Arts Totem	ランダム神術トーテム
11697	Refinement Material Pack	精錬素材パック
11698	Grilled Mushroom Skewers	焼きキノコ串
11699	Strawberry Cocoa Truffle	ストロベリーココアトリュフ
11700	Blessed Weapon Ore-Clear	祝福された武器鉱石-クリア
11701	Enriched Oridecon-Expire	濃縮オリデコン-期限切れ
11702	Deluxe Pack (Deprecated)	デラックスパック（廃止予定）
11703	Precision Grinding Wheel	精密研磨ホイール
11704	Masterless Soul Fragment	主なきソウルフラグメント
11705	Purple Divine Arts Totem	紫神術トーテム
11706	Orange Headgear Material	オレンジ頭装備素材
11707	Purple Headgear Material	紫頭装備素材
11708	Tier @{1} Blue Equipment	Tier @{1} 青装備
11709	Cardboard Cat Litter Box	段ボール製猫トイレ
11710	Poring's Medicinal Herbs	ポリンの薬草
11711	Hunting Emblem · Pursuer	狩猟エンブレム・追跡者
11712	Cross Star Core - Orange	クロススターコア - オレンジ
11713	Cross Star Core - Purple	クロススターコア - 紫
11714	Guild League - Placement	ギルドリーグ - 順位
11715	Prism Star Core - Orange	プリズムスターコア - オレンジ
11716	Prism Star Core - Purple	プリズムスターコア - 紫
11717	Blue-Green Card Fragment	青緑カードフラグメント
11718	Oak Scroll · Shoes-Green	オークスクロール・靴-緑
11719	Fate Scroll·Armor-Orange	運命スクロール・鎧-オレンジ
11720	Ymir Scroll·Armor-Orange	ユミルスクロール・鎧-オレンジ
11721	Fate Scroll·Armor-Purple	運命スクロール・鎧-紫
11722	Ymir Scroll·Armor-Purple	ユミルスクロール・鎧-紫
11723	Giant Scroll·Armor-Green	ジャイアントスクロール・鎧-緑
11724	Superior Vitality Potion	上級活力ポーション
11725	Superior Breath Medicine	上級ブレス薬
11726	Super Arena Knight Spear	スーパーアリーナナイトスピア
11727	Basic Earth Spirit Spear	基本アーススピリットスピア
11728	Soldier Skeleton's Cloak	ソルジャースケルトンのマント
11729	Katar of Dusty Thornbush	ダスティソーンブッシュのカタール
11730	Secret Hammer: Cold Moon	秘槌：コールドムーン
11731	Supreme Scepter of Order	至高のセプターオブオーダー
11732	Prisoner's Dancing Bells	囚人のダンシングベル
11733	Not enough pets deployed	配置ペットが不足しています
11734	Not enough participation	参加回数が不足しています
11735	Refine level Not Reached	精錬レベルが未達です
11736	Deploy more support pets	支援ペットをさらに配置
11737	Paper Crane of Affection	親愛の折り鶴
11738	Time Rift Silver Casting	時空裂け目シルバーキャスト
11739	Point Allocation Preset:	ポイント割り振りプリセット：
11740	Soul Echo Resonance Info	ソウルエコー共鳴情報
11741	Select Starting Location	開始地点を選択
11742	First Clear Hall of Fame	初回クリア殿堂
11743	Clear Reward Count: ${1}	クリア報酬回数：${1}
11744	You have the highest bid	あなたが最高入札者です
11745	Lucky Crafting - Carving	ラッキークラフト - 彫刻
11746	Lucky Crafting - Forging	ラッキークラフト - 鍛造
11747	Falling Dynamite Barrels	落下するダイナマイト樽
11748	Cannon Damage Over @{1}m	大砲ダメージ @{1}m以上
11749	Cannon Damage Over @{1}k	大砲ダメージ @{1}k以上
11750	Cannon Damage Over @{1}M	大砲ダメージ @{1}M以上
11751	Cannon Damage Over @{1}K	大砲ダメージ @{1}K以上
11752	Defense Score Over @{1}K	防御スコア @{1}K以上
11753	Alberta Southern Capital	アルベルタ南部地域
11754	Western Payon Prefecture	フェイヨン西部地域
11755	Eastern Payon Prefecture	フェイヨン東部地域
11756	Go to ${1} habitat ${2}?	${1}の生息地${2}へ移動しますか？
11757	Adventure Handbook Theme	冒険ハンドブックテーマ
11758	Survivor's Running Shoes	サバイバーズランニングシューズ
11759	Sexual or Vulgar Content	性的または下品な内容
11760	Battle Axe Assembly Test	バトルアックス組立テスト
11761	Grand Cross Triggers AoE	グランドクロスが範囲攻撃を発動
11762	King's Grace Enemy Orbit	キングスグレイス敵オービット
11763	Custom Damage Parameters	カスタムダメージパラメータ
11764	BDTarget_ChangeAttri_Tag	BDTarget_ChangeAttri_Tag
11765	Enhance Camouflage Speed	カモフラージュ速度強化
11766	Element Counter Immunity	属性相性無効
11767	Skill Acquisition Effect	スキル習得エフェクト
11768	Slide Player Performance	プレイヤー演奏スライド
11769	Click the Ground to Move	地面をクリックして移動
11770	Spellbook - Crimson Rock	スペルブック - クリムゾンロック
11771	Spellbook - Earth Strain	スペルブック - アースストレイン
11772	Spellbook - Tetra Vortex	スペルブック - テトラボルテックス
11773	Serpent Spirit's Embrace	蛇霊の抱擁
11774	Holy Spirit Divine Light	聖霊の神聖な光
11775	Silver Moon Trigger Buff	シルバームーン発動バフ
11776	Fairy Blessing - HP Lock	フェアリーブレッシング - HP固定
11777	Dance of the Sea Monster	海獣の舞
11778	Golden Thief Bug Stealth	黄金蟲ステルス
11779	Stationary Yellow Bubble	固定イエローバブル
11780	Red Tracking Link Effect	レッド追尾リンク効果
11781	Dance Machine Skill Swap	ダンスマシンスキル切替
11782	King's Grace Unstoppable	キングスグレイス・アンストッパブル
11783	Focused Shot: Dark Night	集中射撃：ダークナイト
11784	Shadow PierceBD_S@{1}_BD	シャドウピアスBD_S@{1}_BD
11785	Pinpoint Attack Listener	ピンポイントアタック監視
11786	Minor Speed Boost Effect	移動速度上昇（小）
11787	Major Speed Boost Effect	移動速度上昇（大）
11788	Flame Trap Hunter Effect	フレイムトラップハンター効果
11789	Move back Increase Dodge	後退時回避率増加
11790	Please read and agree to	内容を読み、同意してください
11791	Mic queue changes saved.	マイクキューの変更を保存しました。
11792	^{1}[Stronghold War]^{2}	^{1}[拠点戦]^{2}
11793	Adventure Party Overview	冒険パーティ概要
11794	Effect at the next level	次レベルの効果
11795	Escort Mode Instructions	護衛モード説明
11796	Troll Chase Instructions	トロール追跡説明
11797	Pet Search limit reached	ペット検索上限に達しました
11798	Repeat friend group name	フレンドグループ名が重複しています
11799	No associated appearance	関連する外見がありません
11800	You already have a Stall	すでに露店を所持しています
11801	Already in the mic queue	すでにマイクキューに参加しています
11802	Invalid Tavern language.	酒場の言語が無効です。
11803	Card slot does not exist	カードスロットが存在しません
11804	No stalls are available.	利用可能な露店がありません。
11805	Player is not in Blocks.	プレイヤーはブロックリストにいません。
11806	Already in this channel.	すでにこのチャンネルにいます。
11807	You cannot gift yourself	自分自身にはギフトできません
11808	Advanced Pass: Not owned	上級パス：未所持
11809	Cannot draw at this time	現在は抽選できません
11810	Life Skill title too low	生活スキル称号レベルが不足しています
11811	Life Skill Level too low	生活スキルレベルが不足しています
11812	Life Skill not activated	生活スキルが有効化されていません
11813	NPC skill is on cooldown	NPCスキルはクールダウン中です
11814	Failed to switch builds.	ビルド切替に失敗しました。
11815	Invalid Revive location.	復活地点が無効です。
11816	Preset name is too long.	プリセット名が長すぎます。
11817	You cannot like yourself	自分自身にはいいねできません
11818	^{1}Booming Business^{2}	^{1}商売繁盛^{2}
11819	^{1}Terminate Strike^{2}	^{1}ターミネートストライク^{2}
11820	^{1}Weapon Polishing^{2}	^{1}ウェポンポリッシング^{2}
11821	^{1}Gathering Charge^{2}	^{1}ギャザリングチャージ^{2}
11822	^{1}AoE Power Thrust^{2}	^{1}範囲パワースラスト^{2}
11823	Shield Boomerang Enhance	シールドブーメラン強化
11824	Aura Insight - Swiftness	オーラインサイト - 迅速
11825	Aura Insight - Technique	オーラインサイト - 技巧
11826	Minor Neutral Resistance	無属性耐性（小）
11827	Minor Hunting Protection	狩猟防御（小）
11828	Advanced Physical Attack	上級物理攻撃
11829	Advanced Wind Resistance	上級風属性耐性
11830	Advanced Fire Resistance	上級火属性耐性
11831	Advanced Holy Resistance	上級聖属性耐性
11832	Combo Moonlit Challenger	月夜の挑戦者コンボ
11833	^{1}Heaven's Thunder^{2}	^{1}ヘヴンズサンダー^{2}
11834	^{1}Elemental Primer^{2}	^{1}エレメンタル入門^{2}
11835	@{1}Firearms@{2}Vehicles	@{1}火器@{2}車両
11836	Failed to decode message	メッセージのデコードに失敗しました
11837	Server region data error	サーバー地域データエラー
11838	Failed to parse protocol	プロトコル解析に失敗しました
11839	Quick-use limit exceeded	クイック使用上限を超えました
11840	Insufficient Stat Points	ステータスポイントが不足しています
11841	Not enough skill points.	スキルポイントが不足しています。
11842	Battlefield Contribution	戦場貢献度
11843	Guild Leader Marker ${1}	ギルドリーダーマーカー ${1}
11844	HP requirements not met.	HP条件を満たしていません。
11845	Mount already activated.	マウントはすでに有効化済みです。
11846	Invasion Intensity: ${1}	侵攻強度：${1}
11847	Go to the region 【${1}】?	地域【${1}】へ移動しますか？
11848	Battle Preparation Phase	戦闘準備フェーズ
11849	Free the Shaking Ant Egg	揺れるアリの卵を解放
11850	War of Emperium Entrance	攻城戦入口
11851	Template Editor - [${1}]	テンプレートエディター - [${1}]
11852	Character limit exceeded	文字数制限を超えています
11853	Pirate King Basic Attack	海賊王基本攻撃
11854	Unable to like right now	現在はいいねできません
11855	Not enough listing space	出品枠が不足しています
11856	Incorrect equipment slot	装備スロットが正しくありません
11857	You can't help yourself!	自分自身を支援することはできません！
11858	Win them over one by one	一人ずつ味方につける
11859	Go on ahead. Be careful.	先に行って。気をつけて。
11860	Current Preference: ${1}	現在の設定：${1}
11861	No eligible items found.	対象アイテムが見つかりません。
11862	Stacks up to ${1} times.	最大${1}回まで重複。
11863	Enter up to 8 characters	8文字以内で入力
11864	Tap to Preset Attributes	タップしてステータスをプリセット
11865	Damage tracking resumed.	ダメージ計測を再開しました。
11866	Personal build replaced.	個人ビルドを置換しました。
11867	Magic ATK +^{1}${1}%^{2}	魔法攻撃 +^{1}${1}%^{2}
11868	Lucky Savage Babe Lv@{1}	ラッキーサベージベイブ Lv@{1}
11869	Sniper's Aim【Stat Boost】	スナイパーズエイム【ステータス強化】
11870	Arrow Shower【Stat Boost】	アローシャワー【ステータス強化】
11871	Basic Attack【Stat Boost】	通常攻撃【ステータス強化】
11872	Link Distance Check @{1}	リンク距離チェック @{1}
11873	Momentum-Breaking Hammer	モメンタムブレイクハンマー
11874	Rending Lightning Strike	裂雷撃
11875	Cancel your application?	申請を取り消しますか？
11876	Prontera Map Description	プロンテラマップ説明
11877	Congratulate the winners	勝者を祝福
11878	Failed to set idle action	待機アクションの設定に失敗しました
11879	Grand Peco Hair Accessory	グランペコのヘアアクセサリー
11880	Orchid Waterside Pavilion	オーキッド水辺の東屋
11881	Fish of the Northern Deep	北の深海魚
11882	Current server time: ${1}	現在のサーバー時刻：${1}
11883	Network request timed out	ネットワークリクエストがタイムアウトしました
11884	Savage Babe - Placeholder	サベージベベ - プレースホルダー
11885	Fund the Unsealing Ritual	封印解除の儀式に資金提供
11886	Out-of-Combat MP Recovery	非戦闘時MP回復
11887	Neutral Damage Reduction%	無属性ダメージ軽減%
11888	Damage to Earth Monsters%	地属性モンスターへのダメージ%
11889	Damage to Holy Monsters %	聖属性モンスターへのダメージ%
11890	Damage to Formless Race %	無形種族へのダメージ%
11891	Damage to BOSS Monsters %	BOSSモンスターへのダメージ%
11892	^{1}Preparation Phase^{2}	^{1}準備フェーズ^{2}
11893	No rewards for this tier.	このランクには報酬がありません。
11894	Reach @{1} Daily Activity	デイリーアクティビティ@{1}に到達
11895	Activate the Growth Badge	成長バッジを有効化
11896	Teleport! Whoosh! Whoosh!	テレポート！ヒュン！ヒュン！
11897	Help the Soldiers escape.	兵士たちの脱出を手伝う。
11898	Find out what's going on.	何が起きているか調べる。
11899	Secret Trove Chest Claims	秘密の宝物庫チェスト受取
11900	Selection Countdown: ${1}	選択カウントダウン：${1}
11901	A Hunter calls out to you	ハンターがあなたに呼びかける
11902	Clear out the ants nearby	近くのアリを一掃する
11903	Clear the Pharaoh Dungeon	ファラオダンジョンをクリア
11904	Talk to the Knight Leader	ナイトリーダーと話す
11905	Distance moved per second	1秒あたりの移動距離
11906	No information available.	情報がありません。
11907	Appoint Vice Guild Master	副ギルドマスターを任命
11908	Guild Creation Successful	ギルドを作成しました
11909	Guild Building Leveled up	ギルド施設がレベルアップしました
11910	Expired Resource Recovery	期限切れリソース回収
11911	Season Settlement Rewards	シーズン精算報酬
11912	Collection Progress: ${1}	コレクション進捗：${1}
11913	Life Skill Activity Quest	生活スキルアクティビティクエスト
11914	(No translation required)	（翻訳不要）
11915	Follow the Caravan Escort	キャラバン護衛について行く
11916	Please join a guild first	先にギルドへ加入してください
11917	Adventurer Guild Level-up	冒険者ギルドレベルアップ
11918	Adventurer Guild Watering	冒険者ギルド水やり
11919	Reset Smelting Attributes	精錬ステータスをリセット
11920	This area is inaccessible	このエリアには入れません
11921	Token verification failed	トークン認証に失敗しました
11922	Find the Trial Instructor	試練教官を探す
11923	Approach the Strange Girl	奇妙な少女に近づく
11924	Reenter the Court of Time	時の宮廷へ再入場
11925	Check the Space-Time Gate	時空ゲートを確認
11926	Rest in the upstairs room	2階の部屋で休む
11927	Defeat the Forces of Evil	邪悪な勢力を倒す
11928	Use a Fly Wing @{1} times	ハエの羽を@{1}回使用
11929	Tap Instant Promotion@{1}	即時昇格@{1}をタップ
11930	Ask Rhine about the trial	試練についてラインに尋ねる
11931	Defeat the Nearby Fabres*	近くのファブルを倒す*
11932	Meet Boya in Payon Forest	フェイヨンの森でボヤに会う
11933	Continue following Fervor	ファーヴァーを追い続ける
11934	Next Base Level cap: ${1}	次のBaseレベル上限：${1}
11935	Activate Refine Ascension	精錬昇格を有効化
11936	Pet Tower · Peak Showdown	ペットタワー・頂上決戦
11937	Mining Star Treasure Hunt	採掘スター宝探し
11938	Mail attachments claimed.	メール添付を受け取りました。
11939	The item is already gone!	アイテムはすでにありません！
11940	Combined-Duration Penalty	累積時間ペナルティ
11941	Trade Started Description	取引開始時説明
11942	Message Crane Information	メッセージ折り鶴情報
11943	Mysterious Treasure Chest	謎の宝箱
11944	Item listed successfully.	アイテムを出品しました。
11945	Season Limited-Time Offer	シーズン期間限定オファー
11946	Listing Time - Descending	出品時間 - 降順
11947	Search player name or ID…	プレイヤー名またはIDを検索…
11948	No matching target found.	一致する対象が見つかりません。
11949	You have unfriended ${1}.	${1}をフレンド解除しました。
11950	Group Chat Do Not Disturb	グループチャット通知オフ
11951	(No Translation Required)	（翻訳不要）
11952	Divine Armament Rank ${1}	神聖武装ランク ${1}
11953	Marker index out of range	マーカーインデックスが範囲外です
11954	Opens in ${1} hr ${2} min	開放まで ${1}時間${2}分
11955	Earth Property Resistance	地属性耐性
11956	Ghost Property Resistance	念属性耐性
11957	Guild creation successful	ギルドを作成しました
11958	Get Help Today: ${1}/${2}	本日の支援回数：${1}/${2}
11959	Territory War Grid - @{1}	領地戦グリッド - @{1}
11960	Please select a direction	方向を選択してください
11961	Sketch Card: Doppelganger	スケッチカード：ドッペルゲンガー
11962	Shadow Card: Doppelganger	シャドウカード：ドッペルゲンガー
11963	Not in the specified area	指定エリア内にいません
11964	No next dungeon available	次のダンジョンがありません
11965	Not at the Bonfire Party!	焚き火パーティに参加していません！
11966	Obtain a Red Thread item.	赤い糸アイテムを入手。
11967	Periodically takes damage	定期的にダメージを受ける
11968	Cannot move or use skills	移動・スキル使用不可
11969	Attack slightly increased	攻撃力がわずかに増加
11970	Prayer of the Holy Spirit	聖霊の祈り
11971	Drag with Mouse Right Tap	マウス右クリックでドラッグ
11972	Bullet-Hell Mechanism@{1}	弾幕ギミック@{1}
11973	Rolling Boulder Mechanism	転がる岩ギミック
11974	Skill@{1}Harp Performance	スキル@{1}ハープ演奏
11975	Skill@{1}Opening Movement	スキル@{1}オープニングムーブメント
11976	Tiamat Rectangular Damage	ティアマト長方形ダメージ
11977	Hunter Battle Royale Spin	ハンター・バトルロイヤルスピン
11978	Skill@{1} Cloud Explosion	スキル@{1} クラウド爆発
11979	Kun Appears (Boss Action)	クン出現（ボスアクション）
11980	Continuous Ring Drum @{1}	連続リングドラム @{1}
11981	Enhance Warg Hunt (Melee)	ワーグハント強化（近接）
11982	Maya Purple Normal Attack	マヤーパープル通常攻撃
11983	Dark Priest Normal Attack	ダークプリースト通常攻撃
11984	This Week's Limit Reached	今週の上限に達しました
11985	Ancient Tree Entanglement	エンシェントツリー拘束
11986	Stone Blades - Inner Ring	ストーンブレード - 内側リング
11987	Ringblade Kunai-Alternate	リングブレードクナイ・別版
11988	Use Instance Revive Count	インスタンス復活回数を使用
11989	Falling Cross Cannonballs	落下クロス砲弾
11990	Drake Thrust (Quick Stop)	ドレイクスラスト（クイックストップ）
11991	Stone Pillar (Deprecated)	ストーンピラー（廃止予定）
11992	Reverse Stone Glyph Slash	逆ストーングリフスラッシュ
11993	Link Red Status Check@{1}	リンクレッド状態チェック@{1}
11994	Divine Light Purification	ディバインライト浄化
11995	Increase Damage Reduction	ダメージ軽減を増加
11996	Pyramid Skill Interrupted	ピラミッドスキル中断
11997	Launch Blue Homing Bubble	ブルー追尾バブルを発射
11998	Yellow Interaction Circle	イエローインタラクションサークル
11999	Purple Interaction Circle	パープルインタラクションサークル
12000	Skill@{1}Enrage Countdown	スキル@{1}激怒カウントダウン
